,Country,"Density
(P/Km2)",Abbreviation,Agricultural Land( %),Land Area(Km2),Armed Forces size,Birth Rate,Calling Code,Capital/Major City,Co2-Emissions,CPI,CPI Change (%),Currency-Code,Fertility Rate,Forested Area (%),Gasoline Price,GDP,Gross primary education enrollment (%),Gross tertiary education enrollment (%),Infant mortality,Largest city,Life expectancy,Maternal mortality ratio,Minimum wage,Official language,Out of pocket health expenditure,Physicians per thousand,Population,Population: Labor force participation (%),Tax revenue (%),Total tax rate,Unemployment rate,Urban_population,Latitude,Longitude
0,Afghanistan,60,AF,58.10%,"6,52,230","3,23,000",32.49,93.0,Kabul,"8,672",149.9,2.30%,AFN,4.47,2.10%,$0.70 ,"$19,101,353,833 ",104.00%,9.70%,47.9,Kabul,64.5,638.0,$0.43 ,Pashto,78.40%,0.28,"3,80,41,754",48.90%,9.30%,71.40%,11.12%,"97,97,273",33.93911,67.709953
1,Albania,105,AL,43.10%,"28,748","9,000",11.78,355.0,Tirana,"4,536",119.05,1.40%,ALL,1.62,28.10%,$1.36 ,"$15,278,077,447 ",107.00%,55.00%,7.8,Tirana,78.5,15.0,$1.12 ,Albanian,56.90%,1.2,"28,54,191",55.70%,18.60%,36.60%,12.33%,"17,47,593",41.153332,20.168331
2,Algeria,18,DZ,17.40%,"23,81,741","3,17,000",24.28,213.0,Algiers,"1,50,006",151.36,2.00%,DZD,3.02,0.80%,$0.28 ,"$169,988,236,398 ",109.90%,51.40%,20.1,Algiers,76.7,112.0,$0.95 ,Arabic,28.10%,1.72,"4,30,53,054",41.20%,37.20%,66.10%,11.70%,"3,15,10,100",28.033886,1.659626
4,Angola,26,AO,47.50%,"12,46,700","1,17,000",40.73,244.0,Luanda,"34,693",261.73,17.10%,AOA,5.52,46.30%,$0.97 ,"$94,635,415,870 ",113.50%,9.30%,51.6,Luanda,60.8,241.0,$0.71 ,Portuguese,33.40%,0.21,"3,18,25,295",77.50%,9.20%,49.10%,6.89%,"2,10,61,025",-11.202692,17.873887
6,Argentina,17,AR,54.30%,"27,80,400","1,05,000",17.02,54.0,Buenos Aires,"2,01,348",232.75,53.50%,ARS,2.26,9.80%,$1.10 ,"$449,663,446,954 ",109.70%,90.00%,8.8,Buenos Aires,76.5,39.0,$3.35 ,Spanish,17.60%,3.96,"4,49,38,712",61.30%,10.10%,106.30%,9.79%,"4,13,39,571",-38.416097,-63.616672
7,Armenia,104,AM,58.90%,"29,743","49,000",13.99,374.0,Yerevan,"5,156",129.18,1.40%,AMD,1.76,11.70%,$0.77 ,"$13,672,802,158 ",92.70%,54.60%,11.0,Yerevan,74.9,26.0,$0.66 ,Armenian,81.60%,4.4,"29,57,731",55.60%,20.90%,22.60%,16.99%,"18,69,848",40.069099,45.038189
8,Australia,3,AU,48.20%,"77,41,220","58,000",12.6,61.0,Canberra,"3,75,908",119.8,1.60%,AUD,1.74,16.30%,$0.93 ,"$1,392,680,589,329 ",100.30%,113.10%,3.1,Sydney,82.7,6.0,$13.59 ,None,19.60%,3.68,"2,57,66,605",65.50%,23.00%,47.40%,5.27%,"2,18,44,756",-25.274398,133.775136
10,Azerbaijan,123,AZ,57.70%,"86,600","82,000",14.0,994.0,Baku,"37,620",156.32,2.60%,AZN,1.73,14.10%,$0.56 ,"$39,207,000,000 ",99.70%,27.70%,19.2,Baku,72.9,26.0,$0.47 ,Azerbaijani language,78.60%,3.45,"1,00,23,318",66.50%,13.00%,40.70%,5.51%,"56,16,165",40.143105,47.576927
13,Bangladesh,"1,265",BD,70.60%,"1,48,460","2,21,000",18.18,880.0,Dhaka,"84,246",179.68,5.60%,BDT,2.04,11.00%,$1.12 ,"$302,571,254,131 ",116.50%,20.60%,25.1,Dhaka,72.3,173.0,$0.51 ,Bengali,71.80%,0.58,"16,73,10,838",59.00%,8.80%,33.40%,4.19%,"6,09,87,417",23.684994,90.356331
14,Barbados,668,BB,23.30%,430,"1,000",10.65,1.0,Bridgetown,"1,276",134.09,4.10%,BBD,1.62,14.70%,$1.81 ,"$5,209,000,000 ",99.40%,65.40%,11.3,Bridgetown,79.1,27.0,$3.13 ,English,45.20%,2.48,"2,87,025",65.20%,27.50%,35.60%,10.33%,"89,431",13.193887,-59.543198
16,Belgium,383,BE,44.60%,"30,528","32,000",10.3,32.0,City of Brussels,"96,889",117.11,1.40%,EUR,1.62,22.60%,$1.43 ,"$529,606,710,418 ",103.90%,79.70%,2.9,Brussels,81.6,5.0,$10.31 ,French,17.60%,3.07,"1,14,84,055",53.60%,24.00%,55.40%,5.59%,"1,12,59,082",50.503887,4.469936
17,Belize,17,BZ,7.00%,"22,966","2,000",20.79,501.0,Belmopan,568,105.68,-0.90%,BZD,2.31,59.70%,$1.13 ,"$1,879,613,600 ",111.70%,24.70%,11.2,Belize City,74.5,36.0,$1.65 ,English,22.70%,1.12,"3,90,353",65.10%,26.30%,31.10%,6.41%,"1,79,039",17.189877,-88.49765
18,Benin,108,BJ,33.30%,"1,12,622","12,000",36.22,229.0,Porto-Novo,"6,476",110.71,-0.90%,XOF,4.84,37.80%,$0.72 ,"$14,390,709,095 ",122.00%,12.30%,60.5,Cotonou,61.5,397.0,$0.39 ,French,40.50%,0.08,"1,18,01,151",70.90%,10.80%,48.90%,2.23%,"56,48,149",9.30769,2.315834
22,Botswana,4,BW,45.60%,"5,81,730","9,000",24.82,267.0,Gaborone,"6,340",149.75,2.80%,BWP,2.87,18.90%,$0.71 ,"$18,340,510,789 ",103.20%,24.90%,30.0,Gaborone,69.3,144.0,$0.29 ,English,5.30%,0.37,"23,46,179",70.80%,19.50%,25.10%,18.19%,"16,16,550",-22.328474,24.684866
23,Brazil,25,BR,33.90%,"85,15,770","7,30,000",13.92,55.0,Bras���,"4,62,299",167.4,3.70%,BRL,1.73,58.90%,$1.02 ,"$1,839,758,040,766 ",115.40%,51.30%,12.8,S����,75.7,60.0,$1.53 ,Portuguese,28.30%,2.15,"21,25,59,417",63.90%,14.20%,65.10%,12.08%,"18,32,41,641",-14.235004,-51.92528
25,Bulgaria,64,BG,46.30%,"1,10,879","31,000",8.9,359.0,Sofia,"41,708",114.42,3.10%,BGN,1.56,35.40%,$1.11 ,"$86,000,000,000 ",89.30%,71.00%,5.9,Sofia,74.9,10.0,$1.57 ,Bulgarian,47.70%,4.03,"69,75,761",55.40%,20.20%,28.30%,4.34%,"52,56,027",42.733883,25.48583
26,Burkina Faso,76,BF,44.20%,"2,74,200","11,000",37.93,226.0,Ouagadougou,"3,418",106.58,-3.20%,XOF,5.19,19.30%,$0.98 ,"$15,745,810,235 ",96.10%,6.50%,49.0,Ouagadougou,61.2,320.0,$0.34 ,French,36.10%,0.08,"2,03,21,378",66.40%,15.00%,41.30%,6.26%,"60,92,349",12.238333,-1.561593
28,Ivory Coast,83,CI,64.80%,"3,22,463","27,000",35.74,225.0,Yamoussoukro,"9,674",111.61,-0.90%,XOF,4.65,32.70%,$0.93 ,"$58,792,205,642 ",99.80%,9.30%,59.4,Abidjan,57.4,617.0,$0.36 ,French,36.00%,0.23,"2,57,16,544",57.00%,11.80%,50.10%,3.32%,"1,31,76,900",7.539989,-5.54708
29,Cape Verde,138,CV,19.60%,"4,033","1,000",19.49,238.0,Praia,543,110.5,1.10%,CVE,2.27,22.50%,$1.02 ,"$1,981,845,741 ",104.00%,23.60%,16.7,Praia,72.8,58.0,$0.68 ,Portuguese,23.20%,0.77,"4,83,628",60.50%,20.10%,37.50%,12.25%,"3,64,029",16.5388,-23.0418
31,Cameroon,56,CM,20.60%,"4,75,440","24,000",35.39,237.0,Yaound�,"8,291",118.65,2.50%,XAF,4.57,39.30%,$1.03 ,"$38,760,467,033 ",103.40%,12.80%,50.6,Douala,58.9,529.0,$0.35 ,French,69.70%,0.09,"2,58,76,380",76.10%,12.80%,57.70%,3.38%,"1,47,41,256",7.369722,12.354722
32,Canada,4,CA,6.90%,"99,84,670","72,000",10.1,1.0,Ottawa,"5,44,894",116.76,1.90%,CAD,1.5,38.20%,$0.81 ,"$1,736,425,629,520 ",100.90%,68.90%,4.3,Toronto,81.9,10.0,$9.51 ,French,14.60%,2.61,"3,69,91,981",65.10%,12.80%,24.50%,5.56%,"3,06,28,482",56.130366,-106.346771
35,Chile,26,CL,21.20%,"7,56,096","1,22,000",12.43,56.0,Santiago,"85,822",131.91,2.60%,CLP,1.65,24.30%,$1.03 ,"$282,318,159,745 ",101.40%,88.50%,6.2,Santiago,80.0,13.0,$2.00 ,Spanish,32.20%,2.59,"1,89,52,038",62.60%,18.20%,34.00%,7.09%,"1,66,10,135",-35.675147,-71.542969
36,China,153,CN,56.20%,"95,96,960","26,95,000",10.9,86.0,Beijing,"98,93,038",125.08,2.90%,CNY,1.69,22.40%,$0.96 ,"$19,910,000,000,000 ",100.20%,50.60%,7.4,Shanghai,77.0,29.0,$0.87 ,Standard Chinese,32.40%,1.98,"1,39,77,15,000",68.00%,9.40%,59.20%,4.32%,"84,29,33,962",35.86166,104.195397
37,Colombia,46,CO,40.30%,"11,38,910","4,81,000",14.88,57.0,Bogot�,"97,814",140.95,3.50%,COP,1.81,52.70%,$0.68 ,"$323,802,808,108 ",114.50%,55.30%,12.2,Bogot�,77.1,83.0,$1.23 ,Spanish,18.30%,2.18,"5,03,39,443",68.80%,14.40%,71.20%,9.71%,"4,08,27,302",4.570868,-74.297333
40,Costa Rica,100,CR,34.50%,"51,100","10,000",13.97,506.0,San Jos������,"8,023",128.85,2.10%,CRC,1.75,54.60%,$0.98 ,"$61,773,944,174 ",113.30%,55.20%,7.6,San Jos������,80.1,27.0,$1.84 ,Spanish,21.50%,2.89,"50,47,561",62.10%,13.60%,58.30%,11.85%,"40,41,885",9.748917,-83.753428
41,Croatia,73,HR,27.60%,"56,594","18,000",9.0,385.0,Zagreb,"17,488",109.82,0.80%,HRK,1.47,34.40%,$1.26 ,"$60,415,553,039 ",96.50%,67.90%,4.0,Zagreb,78.1,8.0,$2.92 ,Croatian,15.20%,3.0,"40,67,500",51.20%,22.00%,20.50%,6.93%,"23,28,318",45.1,15.2
44,Czech Republic,139,CZ,45.20%,"78,867","23,000",10.7,420.0,Prague,"1,02,218",116.48,2.80%,CZK,1.69,34.60%,$1.17 ,"$246,489,245,495 ",100.70%,64.10%,2.7,Prague,79.0,3.0,$3.00 ,Czech,14.80%,4.12,"1,06,69,709",60.60%,14.90%,46.10%,1.93%,"78,87,156",49.817492,15.472962
45,Democratic Republic of the Congo,40,CD,11.60%,"23,44,858","1,34,000",41.18,243.0,Kinshasa,"2,021",133.85,2.90%,CDF,5.92,67.20%,$1.49 ,"$47,319,624,204 ",108.00%,6.60%,68.2,Kinshasa,60.4,473.0,$0.18 ,French,37.40%,0.07,"8,67,90,567",63.50%,10.70%,50.70%,4.24%,"3,90,95,679",-4.038333,21.758664
49,Dominican Republic,225,DO,48.70%,"48,670","71,000",19.51,1.0,Santo Domingo,"25,258",135.5,1.80%,DOP,2.35,41.70%,$1.07 ,"$88,941,298,258 ",105.70%,59.90%,24.1,Santo Domingo,73.9,95.0,$0.40 ,Spanish,43.70%,1.56,"1,07,38,958",64.30%,13.00%,48.80%,5.84%,"87,87,475",18.735693,-70.162651
55,Estonia,31,EE,23.10%,"45,228","6,000",10.9,372.0,Tallinn,"16,590",122.14,2.30%,EUR,1.59,51.30%,$1.14 ,"$31,386,949,981 ",97.20%,69.60%,2.1,Tallinn,78.2,9.0,$3.14 ,Estonian,22.80%,4.48,"13,31,824",63.60%,20.90%,47.80%,5.11%,"9,16,024",58.595272,25.013607
58,Fiji,49,FJ,23.30%,"18,274","4,000",21.28,679.0,Suva,"2,046",132.3,1.80%,FJD,2.77,55.90%,$0.82 ,"$5,535,548,972 ",106.40%,16.10%,21.6,Suva,67.3,34.0,$1.28 ,Fiji Hindi,21.40%,0.84,"8,89,953",57.60%,24.20%,32.10%,4.10%,"5,05,048",-17.713371,178.065032
60,France,119,FR,52.40%,"6,43,801","3,07,000",11.3,33.0,Paris,"3,03,276",110.05,1.10%,EUR,1.88,31.20%,$1.39 ,"$2,715,518,274,227 ",102.50%,65.60%,3.4,Paris,82.5,8.0,$11.16 ,French,6.80%,3.27,"6,70,59,887",55.10%,24.20%,60.70%,8.43%,"5,41,23,364",46.227638,2.213749
61,Gabon,9,GA,20.00%,"2,67,667","7,000",31.61,241.0,Libreville,"5,321",122.19,2.10%,XAF,3.97,90.00%,$0.92 ,"$16,657,960,228 ",139.90%,8.30%,32.7,Libreville,66.2,252.0,$1.46 ,French,25.90%,0.68,"21,72,579",52.90%,10.20%,47.10%,20.00%,"19,49,694",-0.803689,11.609444
62,The Gambia,239,GM,59.80%,"11,300","1,000",38.54,220.0,Banjul,532,172.73,7.10%,GMD,5.22,48.40%,$1.18 ,"$1,763,819,048 ",98.00%,2.70%,39.0,Serekunda,61.7,597.0,$0.13 ,English,20.30%,0.1,"23,47,706",59.40%,9.40%,48.40%,9.06%,"14,53,958",13.443182,-15.310139
63,Georgia,57,GE,34.50%,"69,700","26,000",13.47,995.0,Tbilisi,"10,128",133.61,4.90%,GEL,2.06,40.60%,$0.76 ,"$17,743,195,770 ",98.60%,63.90%,8.7,Tbilisi,73.6,25.0,$0.05 ,Georgian,57.30%,7.12,"37,20,382",68.30%,21.70%,9.90%,14.40%,"21,96,476",42.315407,43.356892
64,Germany,240,DE,47.70%,"3,57,022","1,80,000",9.5,49.0,Berlin,"7,27,973",112.85,1.40%,EUR,1.56,32.70%,$1.39 ,"$3,845,630,030,824 ",104.00%,70.20%,3.1,Berlin,80.9,7.0,$9.99 ,German,12.50%,4.25,"8,31,32,799",60.80%,11.50%,48.80%,3.04%,"6,43,24,835",51.165691,10.451526
65,Ghana,137,GH,69.00%,"2,38,533","16,000",29.41,233.0,Accra,"16,670",268.36,7.20%,GHS,3.87,41.20%,$0.92 ,"$66,983,634,224 ",104.80%,15.70%,34.9,Accra,63.8,308.0,$0.27 ,English,36.10%,0.14,"3,07,92,608",67.80%,12.60%,55.40%,4.33%,"1,72,49,054",7.946527,-1.023194
66,Greece,81,GR,47.60%,"1,31,957","1,46,000",8.1,30.0,Athens,"62,434",101.87,0.20%,EUR,1.35,31.70%,$1.54 ,"$209,852,761,469 ",99.60%,136.60%,3.6,Macedonia,81.3,3.0,$4.46 ,Greek,35.50%,5.48,"1,07,16,322",51.80%,26.20%,51.90%,17.24%,"85,07,474",39.074208,21.824312
68,Guatemala,167,GT,36.00%,"1,08,889","43,000",24.56,502.0,Guatemala City,"16,777",142.92,3.70%,GTQ,2.87,32.70%,$0.79 ,"$76,710,385,880 ",101.90%,21.80%,22.1,Guatemala City,74.1,95.0,$1.60 ,Spanish,55.80%,0.35,"1,66,04,026",62.30%,10.60%,35.20%,2.46%,"85,40,945",15.783471,-90.230759
74,Honduras,89,HN,28.90%,"1,12,090","23,000",21.6,504.0,Tegucigalpa,"9,813",150.34,4.40%,HNL,2.46,40.00%,$0.98 ,"$25,095,395,475 ",91.50%,26.20%,15.1,Tegucigalpa,75.1,65.0,$1.01 ,Spanish,49.10%,0.31,"97,46,117",68.80%,17.30%,39.10%,5.39%,"56,26,433",15.199999,-86.241905
75,Hungary,107,HU,58.40%,"93,028","40,000",9.6,36.0,Budapest,"45,537",121.64,3.30%,HUF,1.54,22.90%,$1.18 ,"$160,967,157,504 ",100.80%,48.50%,3.6,Budapest,75.8,12.0,$2.62 ,Hungarian,29.00%,3.41,"97,69,949",56.50%,23.00%,37.90%,3.40%,"69,99,582",47.162494,19.503304
77,India,464,IN,60.40%,"32,87,263","30,31,000",17.86,91.0,New Delhi,"24,07,672",180.44,7.70%,INR,2.22,23.80%,$0.97 ,"$2,611,000,000,000 ",113.00%,28.10%,29.9,Kurebhar,69.4,145.0,$0.30 ,Hindi,65.10%,0.86,"1,36,64,17,754",49.30%,11.20%,49.70%,5.36%,"47,10,31,528",20.593684,78.96288
78,Indonesia,151,ID,31.50%,"19,04,569","6,76,000",18.07,62.0,Jakarta,"5,63,325",151.18,3.00%,IDR,2.31,49.90%,$0.63 ,"$1,119,190,780,753 ",106.40%,36.30%,21.1,Kalimantan,71.5,177.0,$0.48 ,Indonesian,48.30%,0.43,"27,02,03,917",67.50%,10.20%,30.10%,4.69%,"15,15,09,724",-0.789275,113.921327
79,Iran,52,IR,28.20%,"16,48,195","5,63,000",18.78,98.0,Tehran,"6,61,710",550.93,39.90%,IRR,2.14,6.60%,$0.40 ,"$445,345,282,123 ",110.70%,68.10%,12.4,Tehran,76.5,16.0,$1.58 ,Persian,39.70%,1.58,"8,29,13,906",44.70%,7.40%,44.70%,11.38%,"6,25,09,623",32.427908,53.688046
80,Iraq,93,IQ,21.40%,"4,38,317","2,09,000",29.08,964.0,Baghdad,"1,90,061",119.86,0.40%,IQD,3.67,1.90%,$0.61 ,"$234,094,042,939 ",108.70%,16.20%,22.5,Baghdad,70.5,79.0,$1.24 ,Arabic,76.50%,0.71,"3,93,09,783",43.00%,2.00%,30.80%,12.82%,"2,77,83,368",33.223191,43.679291
82,Israel,400,IL,24.60%,"20,770","1,78,000",20.8,972.0,Jerusalem,"65,166",108.15,0.80%,ILS,3.09,7.70%,$1.57 ,"$395,098,666,122 ",104.90%,63.40%,3.0,Jerusalem,82.8,3.0,$7.58 ,Hebrew,24.40%,4.62,"90,53,300",64.00%,23.10%,25.30%,3.86%,"83,74,393",31.046051,34.851612
84,Jamaica,273,JM,41.00%,"10,991","4,000",16.1,1876.0,"Kingston, Jamaica","8,225",162.47,3.90%,JMD,1.98,30.90%,$1.11 ,"$16,458,071,068 ",91.00%,27.10%,12.4,"Kingston, Jamaica",74.4,80.0,$1.33 ,Jamaican English,23.70%,1.31,"29,48,279",66.00%,26.80%,35.10%,8.00%,"16,50,594",18.109581,-77.297508
86,Jordan,115,JO,12.00%,"89,342","1,16,000",21.98,962.0,Amman,"25,108",125.6,0.80%,JOD,2.76,1.10%,$1.10 ,"$43,743,661,972 ",81.50%,34.40%,13.9,Amman,74.4,46.0,$1.49 ,Arabic,25.10%,2.32,"1,01,01,694",39.30%,15.10%,28.60%,14.72%,"92,13,048",30.585164,36.238414
87,Kazakhstan,7,KZ,80.40%,"27,24,900","71,000",21.77,7.0,Astana,"2,47,207",182.75,5.20%,KZT,2.84,1.20%,$0.42 ,"$180,161,741,180 ",104.40%,61.70%,8.8,Almaty,73.2,10.0,$0.41 ,Russian,38.80%,3.25,"1,85,13,930",68.80%,11.70%,28.40%,4.59%,"1,06,52,915",48.019573,66.923684
88,Kenya,94,KE,48.50%,"5,80,367","29,000",28.75,254.0,Nairobi,"17,910",180.51,4.70%,KES,3.49,7.80%,$0.95 ,"$95,503,088,538 ",103.20%,11.50%,30.6,Nairobi,66.3,342.0,$0.25 ,Swahili,33.40%,0.16,"5,25,73,973",74.70%,15.10%,37.20%,2.64%,"1,44,61,523",-0.023559,37.906193
90,Kuwait,240,KW,8.40%,"17,818","25,000",13.94,965.0,Kuwait City,"98,734",126.6,1.10%,KWD,2.08,0.40%,$0.35 ,"$134,761,198,946 ",92.40%,54.40%,6.7,Kuwait City,75.4,12.0,$0.95 ,Modern Standard Arabic,14.40%,2.58,"42,07,083",73.50%,1.40%,13.00%,2.18%,"42,07,083",29.31166,47.481766
91,Kyrgyzstan,34,KG,55.00%,"1,99,951","21,000",27.1,996.0,Bishkek,"9,787",155.68,1.10%,KGS,3.3,3.30%,$0.56 ,"$8,454,619,608 ",107.60%,41.30%,16.9,Bishkek,71.4,60.0,$0.09 ,Russian,48.20%,1.88,"64,56,900",59.80%,18.00%,29.00%,6.33%,"23,62,644",41.20438,74.766098
92,Laos,32,LA,10.30%,"2,36,800","1,29,000",23.55,856.0,Vientiane,"17,763",135.87,3.30%,LAK,2.67,82.10%,$0.93 ,"$18,173,839,128 ",102.40%,15.00%,37.6,Vientiane,67.6,185.0,$0.83 ,Lao,45.40%,0.37,"71,69,455",78.50%,12.90%,24.10%,0.63%,"25,55,552",19.85627,102.495496
93,Latvia,30,LV,31.10%,"64,589","6,000",10.0,371.0,Riga,"7,004",116.86,2.80%,EUR,1.6,54.00%,$1.16 ,"$34,117,202,555 ",99.40%,88.10%,3.3,Riga,74.7,19.0,$2.80 ,Latvian,41.60%,3.19,"19,12,789",61.40%,22.90%,38.10%,6.52%,"13,04,943",56.879635,24.603189
94,Lebanon,667,LB,64.30%,"10,400","80,000",17.55,961.0,Beirut,"24,796",130.02,3.00%,LBP,2.09,13.40%,$0.74 ,"$53,367,042,272 ",95.10%,26.30%,6.4,"Tripoli, Lebanon",78.9,29.0,$2.15 ,Arabic,32.10%,2.1,"68,55,713",47.00%,15.30%,32.20%,6.23%,"60,84,994",33.854721,35.862285
99,Lithuania,43,LT,47.20%,"65,300","34,000",10.0,370.0,Vilnius,"12,963",118.38,2.30%,EUR,1.63,34.80%,$1.16 ,"$54,219,315,600 ",103.90%,72.40%,3.3,Vilnius,75.7,8.0,$2.41 ,Lithuanian,32.10%,6.35,"27,86,844",61.60%,16.90%,42.60%,6.35%,"18,91,013",55.169438,23.881275
100,Luxembourg,242,LU,53.70%,"2,586","2,000",10.3,352.0,Luxembourg City,"8,988",115.09,1.70%,EUR,1.37,35.70%,$1.19 ,"$71,104,919,108 ",102.30%,19.20%,1.9,Luxembourg City,82.1,5.0,$13.05 ,Luxembourgish,10.60%,3.01,"6,45,397",59.30%,26.50%,20.40%,5.36%,"5,65,488",49.815273,6.129583
101,Madagascar,48,MG,71.20%,"5,87,041","22,000",32.66,261.0,Antananarivo,"3,905",184.33,5.60%,MGA,4.08,21.40%,$1.11 ,"$14,083,906,357 ",142.50%,5.40%,38.2,Antananarivo,66.7,335.0,$0.21 ,French,21.70%,0.18,"2,69,69,307",86.10%,10.20%,38.30%,1.76%,"1,02,10,849",-18.766947,46.869107
102,Malawi,203,MW,61.40%,"1,18,484","15,000",34.12,265.0,Lilongwe,"1,298",418.34,9.40%,MWK,4.21,33.20%,$1.15 ,"$7,666,704,427 ",142.50%,0.80%,35.3,Lilongwe,63.8,349.0,$0.12 ,English,11.00%,0.04,"1,86,28,747",76.70%,17.30%,34.50%,5.65%,"31,99,301",-13.254308,34.301525
103,Malaysia,99,MY,26.30%,"3,29,847","1,36,000",16.75,60.0,Kuala Lumpur,"2,48,289",121.46,0.70%,MYR,2.0,67.60%,$0.45 ,"$364,701,517,788 ",105.30%,45.10%,6.7,Johor Bahru,76.0,29.0,$0.93 ,Malaysian language,36.70%,1.51,"3,24,47,385",64.30%,12.00%,38.70%,3.32%,"2,44,75,766",4.210484,101.975766
105,Mali,17,ML,33.80%,"12,40,192","18,000",41.54,223.0,Bamako,"3,179",108.73,-1.70%,XOF,5.88,3.80%,$1.12 ,"$17,510,141,171 ",75.60%,4.50%,62.0,Bamako,58.9,562.0,$0.23 ,French,46.30%,0.13,"1,96,58,031",70.80%,11.60%,54.50%,7.22%,"84,79,688",17.570692,-3.996166
106,Malta,"1,380",MT,32.40%,316,"2,000",9.2,356.0,Valletta,"1,342",113.45,1.60%,EUR,1.23,1.10%,$1.36 ,"$14,786,156,563 ",105.00%,54.30%,6.1,Birkirkara,82.3,6.0,$5.07 ,Maltese,37.10%,2.86,"5,02,653",56.50%,26.20%,44.00%,3.47%,"4,75,902",35.937496,14.375416
109,Mauritius,626,MU,42.40%,"2,040","3,000",10.2,230.0,Port Louis,"4,349",129.91,0.40%,MUR,1.41,19.00%,$1.12 ,"$14,180,444,557 ",101.10%,40.60%,13.6,Port Louis,74.4,61.0,$0.38 ,French,50.70%,2.53,"12,65,711",58.30%,19.10%,22.20%,6.67%,"5,15,980",-20.348404,57.552152
110,Mexico,66,MX,54.60%,"19,64,375","3,36,000",17.6,52.0,Mexico City,"4,86,406",141.54,3.60%,MXN,2.13,33.90%,$0.73 ,"$1,258,286,717,125 ",105.80%,40.20%,11.0,Mexico City,75.0,33.0,$0.49 ,None,41.40%,2.38,"12,60,14,024",60.70%,13.10%,55.10%,3.42%,"10,26,26,859",23.634501,-102.552784
112,Moldova,123,MD,74.20%,"33,851","7,000",10.1,373.0,Chi����,"5,115",166.2,4.80%,MDL,1.26,12.60%,$0.80 ,"$11,955,435,457 ",90.60%,39.80%,13.6,Chi����,71.8,19.0,$0.31 ,Romanian,46.20%,3.21,"26,57,637",43.10%,17.70%,38.70%,5.47%,"11,35,502",47.411631,28.369885
114,Mongolia,2,MN,71.50%,"15,64,116","18,000",24.13,976.0,Ulaanbaatar,"25,368",195.76,7.30%,MNT,2.9,8.00%,$0.72 ,"$13,852,850,259 ",104.00%,65.60%,14.0,Ulaanbaatar,69.7,45.0,$0.65 ,Mongolian,39.30%,2.86,"32,25,167",59.70%,16.80%,25.70%,6.01%,"22,10,626",46.862496,103.846656
116,Morocco,83,MA,68.50%,"4,46,550","2,46,000",18.94,212.0,Rabat,"61,276",111.07,0.20%,MAD,2.42,12.60%,$0.99 ,"$118,725,279,596 ",113.90%,35.90%,19.2,Casablanca,76.5,70.0,$1.60 ,Arabic,53.10%,0.73,"3,69,10,560",45.30%,21.90%,45.80%,9.02%,"2,29,75,026",31.791702,-7.09262
117,Mozambique,40,MZ,63.50%,"7,99,380","11,000",37.52,258.0,Maputo,"7,943",182.31,2.80%,MZN,4.85,48.00%,$0.65 ,"$14,934,159,926 ",112.60%,7.30%,54.0,Maputo,60.2,289.0,$0.27 ,Portuguese,6.80%,0.08,"3,03,66,036",78.10%,0.00%,36.10%,3.24%,"1,10,92,106",-18.665695,35.529562
118,Myanmar,83,MM,19.50%,"6,76,578","5,13,000",17.55,95.0,Naypyidaw,"25,280",168.18,8.80%,MMK,2.15,43.60%,$0.54 ,"$76,085,852,617 ",112.30%,18.80%,36.8,Yangon,66.9,250.0,$0.39 ,Burmese,73.90%,0.68,"5,40,45,420",61.70%,5.40%,31.20%,1.58%,"1,66,74,093",21.916221,95.955974
121,Nepal,203,NP,28.70%,"1,47,181","1,12,000",19.89,977.0,Kathmandu,"9,105",188.73,5.60%,NPR,1.92,25.40%,$0.91 ,"$30,641,380,604 ",142.10%,12.40%,26.7,Kathmandu,70.5,186.0,$0.36 ,Nepali,60.40%,0.75,"2,86,08,710",83.80%,20.70%,41.80%,1.41%,"57,65,513",28.394857,84.124008
123,New Zealand,18,NZ,40.50%,"2,68,838","9,000",11.98,64.0,Wellington,"34,382",114.24,1.60%,NZD,1.71,38.60%,$1.40 ,"$206,928,765,544 ",100.00%,82.00%,4.7,Auckland,81.9,9.0,$11.49 ,English,12.60%,3.59,"48,41,000",69.90%,29.00%,34.60%,4.07%,"42,58,860",-40.900557,174.885971
124,Nicaragua,55,NI,42.10%,"1,30,370","12,000",20.64,505.0,Managua,"5,592",162.74,5.40%,NIO,2.4,25.90%,$0.91 ,"$12,520,915,291 ",120.60%,17.40%,15.7,Managua,74.3,98.0,$0.54 ,Spanish,36.00%,0.98,"65,45,502",66.40%,15.60%,60.60%,6.84%,"38,46,137",12.865416,-85.207229
125,Niger,19,NE,36.10%,"12,67,000","10,000",46.08,227.0,Niamey,"2,017",109.32,-2.50%,XOF,6.91,0.90%,$0.88 ,"$12,928,145,120 ",74.70%,4.40%,48.0,Niamey,62.0,509.0,$0.29 ,French,52.30%,0.04,"2,33,10,715",72.00%,11.80%,47.20%,0.47%,"38,50,231",17.607789,8.081666
126,Nigeria,226,NG,77.70%,"9,23,768","2,15,000",37.91,234.0,Abuja,"1,20,369",267.51,11.40%,NGN,5.39,7.20%,$0.46 ,"$448,120,428,859 ",84.70%,10.20%,75.7,Lagos,54.3,917.0,$0.54 ,English,72.20%,0.38,"20,09,63,599",52.90%,1.50%,34.80%,8.10%,"10,28,06,948",9.081999,8.675277
130,Oman,16,OM,4.60%,"3,09,500","47,000",19.19,968.0,Muscat,"63,457",113.53,0.10%,OMR,2.89,0.00%,$0.45 ,"$76,983,094,928 ",103.40%,38.00%,9.8,Seeb,77.6,19.0,$4.33 ,Arabic,6.40%,2.0,"52,66,535",72.40%,2.50%,27.40%,2.67%,"42,50,777",21.4735329,55.975413
131,Pakistan,287,PK,47.80%,"7,96,095","9,36,000",28.25,92.0,Islamabad,"2,01,150",182.32,10.60%,PKR,3.51,1.90%,$0.79 ,"$304,400,000,000 ",94.30%,9.00%,57.2,Karachi,67.1,140.0,$0.69 ,Urdu,66.50%,0.98,"21,65,65,318",52.60%,9.20%,33.90%,4.45%,"7,99,27,762",30.375321,69.345116
135,Papua New Guinea,20,PG,2.60%,"4,62,840","4,000",27.07,675.0,Port Moresby,"7,536",155.99,3.60%,PGK,3.56,74.10%,$1.36 ,"$24,969,611,435 ",108.50%,1.80%,38.0,Port Moresby,64.3,145.0,$1.16 ,Tok Pisin,5.80%,0.07,"87,76,109",47.20%,13.60%,37.10%,2.46%,"11,62,834",-6.314993,143.95555
136,Paraguay,18,PY,55.10%,"4,06,752","27,000",20.57,595.0,Asunci��,"7,407",143.82,2.80%,PYG,2.43,37.70%,$1.04 ,"$38,145,288,940 ",104.40%,34.60%,17.2,Ciudad del Este,74.1,129.0,$1.55 ,Spanish,36.50%,1.35,"70,44,636",72.10%,10.00%,35.00%,4.81%,"43,59,150",-23.442503,-58.443832
137,Peru,26,PE,18.50%,"12,85,216","1,58,000",17.95,51.0,Lima,"57,414",129.78,2.10%,PEN,2.25,57.70%,$0.99 ,"$226,848,050,820 ",106.90%,70.70%,11.1,Lima,76.5,88.0,$1.28 ,Spanish,30.90%,1.27,"3,25,10,453",77.60%,14.30%,36.80%,3.31%,"2,53,90,339",-9.189967,-75.015152
138,Philippines,368,PH,41.70%,"3,00,000","1,53,000",20.55,63.0,Manila,"1,22,287",129.61,2.50%,PHP,2.58,27.80%,$0.86 ,"$376,795,508,680 ",107.50%,35.50%,22.5,Manila,71.1,121.0,$1.12 ,English,53.50%,0.6,"10,81,16,615",59.60%,14.00%,43.10%,2.15%,"5,09,75,903",12.879721,121.774017
139,Poland,124,PL,46.90%,"3,12,685","1,91,000",10.2,48.0,Warsaw,"2,99,037",114.11,2.20%,PLN,1.46,30.90%,$1.07 ,"$592,164,400,688 ",100.00%,67.80%,3.8,Warsaw,77.6,2.0,$2.93 ,Polish,23.20%,2.38,"3,79,70,874",56.70%,17.40%,40.80%,3.47%,"2,27,96,574",51.919438,19.145136
140,Portugal,111,PT,39.50%,"92,212","52,000",8.5,351.0,Lisbon,"48,742",110.62,0.30%,EUR,1.38,34.60%,$1.54 ,"$237,686,075,635 ",106.20%,63.90%,3.1,Lisbon,81.3,8.0,$3.78 ,Portuguese,27.70%,5.12,"1,02,69,417",58.80%,22.80%,39.80%,6.33%,"67,53,579",39.399872,-8.224454
142,Romania,84,RO,58.80%,"2,38,391","1,26,000",9.6,40.0,Bucharest,"69,259",123.78,3.80%,RON,1.71,30.10%,$1.16 ,"$250,077,444,017 ",85.20%,49.40%,6.1,Bucharest,75.4,19.0,$2.25 ,Romanian,21.30%,2.98,"1,93,56,544",54.70%,14.60%,20.00%,3.98%,"1,04,68,793",45.943161,24.96676
151,Saudi Arabia,16,SA,80.80%,"21,49,690","2,52,000",17.8,966.0,Riyadh,"5,63,449",118.4,-1.20%,SAR,2.32,0.50%,$0.24 ,"$792,966,838,162 ",99.80%,68.00%,6.0,Riyadh,75.0,17.0,$3.85 ,Arabic,15.00%,2.61,"3,42,68,528",55.90%,8.90%,15.70%,5.93%,"2,88,07,838",23.885942,45.079162
152,Senegal,87,SN,46.10%,"1,96,722","19,000",34.52,221.0,Dakar,"10,902",109.25,1.80%,XOF,4.63,42.80%,$1.14 ,"$23,578,084,052 ",81.00%,12.80%,31.8,Pikine,67.7,315.0,$0.31 ,French,44.20%,0.07,"1,62,96,364",45.70%,16.30%,44.80%,6.60%,"77,65,706",14.497401,-14.452362
153,Serbia,100,RS,39.30%,"77,474","32,000",9.2,381.0,Belgrade,"45,221",144,1.80%,RSD,1.49,31.10%,$1.16 ,"$51,409,167,351 ",100.30%,67.20%,4.8,Belgrade,75.5,12.0,$1.57 ,Serbian,40.60%,3.11,"69,44,975",54.90%,18.60%,36.60%,12.69%,"39,07,243",44.016521,21.005859
155,Sierra Leone,111,SL,54.70%,"71,740","9,000",33.41,232.0,Freetown,"1,093",234.16,14.80%,SLL,4.26,43.10%,$1.08 ,"$3,941,474,311 ",112.80%,2.00%,78.5,Freetown,54.3,1120.0,$0.57 ,English,38.20%,0.03,"78,13,215",57.90%,8.60%,30.70%,4.43%,"33,19,366",8.460555,-11.779889
157,Slovakia,114,SK,39.20%,"49,035","16,000",10.6,421.0,Bratislava,"32,424",115.34,2.70%,EUR,1.52,40.40%,$1.32 ,"$105,422,304,976 ",98.70%,46.60%,4.6,Bratislava,77.2,5.0,$3.11 ,Slovak,18.40%,3.42,"54,54,073",59.50%,18.70%,49.70%,5.56%,"29,30,419",48.669026,19.699024
158,Slovenia,103,SI,30.70%,"20,273","7,000",9.4,386.0,Ljubljana,"12,633",111.05,1.60%,EUR,1.6,62.00%,$1.32 ,"$53,742,159,517 ",100.40%,78.60%,1.7,Ljubljana,81.0,7.0,$5.25 ,Slovene language,12.50%,3.09,"20,87,946",58.40%,18.60%,31.00%,4.20%,"11,44,654",46.151241,14.995463
162,South Korea,527,KR,17.40%,"99,720","6,34,000",6.4,82.0,Seoul,"6,20,302",115.16,0.40%,KRW,0.98,63.40%,$1.22 ,"$2,029,000,000,000 ",98.10%,94.30%,2.7,Seoul,82.6,11.0,$6.49 ,Korean,36.80%,2.36,"5,17,09,098",63.00%,15.60%,33.20%,4.15%,"4,21,06,719",35.907757,127.766922
164,Spain,94,ES,52.60%,"5,05,370","1,96,000",7.9,34.0,Madrid,"2,44,002",110.96,0.70%,EUR,1.26,36.90%,$1.26 ,"$1,394,116,310,769 ",102.70%,88.90%,2.5,Madrid,83.3,4.0,$5.60 ,Spanish,24.20%,3.87,"4,70,76,781",57.50%,14.20%,47.00%,13.96%,"3,79,27,409",40.463667,-3.74922
165,Sri Lanka,341,LK,43.70%,"65,610","3,17,000",15.83,94.0,Colombo,"23,362",155.53,3.50%,LKR,2.2,32.90%,$0.88 ,"$84,008,783,756 ",100.20%,19.60%,6.4,Colombo,76.8,36.0,$0.35 ,Tamil,38.40%,1.0,"2,18,03,000",53.90%,11.90%,55.20%,4.20%,"40,52,088",7.873054,80.771797
166,Sudan,25,SD,28.70%,"18,61,484","1,24,000",32.18,249.0,Khartoum,"20,000","1,344.19",51.00%,SDG,4.41,8.10%,$0.95 ,"$18,902,284,476 ",76.80%,16.90%,42.1,Omdurman,65.1,295.0,$0.41 ,Arabic,63.20%,0.26,"4,28,13,238",48.40%,8.00%,45.40%,16.53%,"1,49,57,233",12.862807,30.217636
170,Syria,95,SY,75.80%,"1,85,180","2,39,000",23.69,963.0,Damascus,"28,830",143.2,36.70%,SYP,2.81,2.70%,$0.83 ,"$40,405,006,007 ",81.70%,40.10%,14.0,Damascus,71.8,31.0,$1.02 ,Arabic,53.70%,1.22,"1,70,70,135",44.10%,14.20%,42.70%,8.37%,"93,58,019",34.802075,38.996815
171,Tajikistan,68,TJ,34.10%,"1,44,100","17,000",30.76,992.0,Dushanbe,"5,310",148.57,6.00%,TJS,3.59,3.00%,$0.71 ,"$8,116,626,794 ",100.90%,31.30%,30.4,Dushanbe,70.9,17.0,$0.23 ,Persian,63.10%,1.7,"93,21,018",42.00%,9.80%,67.30%,11.02%,"25,45,477",38.861034,71.276093
172,Tanzania,67,TZ,44.80%,"9,47,300","28,000",36.7,255.0,Dodoma,"11,973",187.43,3.50%,TZS,4.89,51.60%,$0.87 ,"$63,177,068,175 ",94.20%,4.00%,37.6,Dar es Salaam,65.0,524.0,$0.09 ,Swahili,26.10%,0.01,"5,80,05,463",83.40%,11.50%,43.80%,1.98%,"2,00,11,885",-6.369028,34.888822
173,Thailand,137,TH,43.30%,"5,13,120","4,55,000",10.34,66.0,Bangkok,"2,83,763",113.27,0.70%,THB,1.53,32.20%,$0.71 ,"$543,649,976,166 ",99.80%,49.30%,7.8,Bangkok,76.9,37.0,$1.06 ,Thai,11.80%,0.81,"6,96,25,582",67.30%,14.90%,29.50%,0.75%,"3,52,94,600",15.870032,100.992541
174,East Timor,89,TL,25.60%,"14,874","2,000",29.42,670.0,Dili,495,145.38,2.60%,USD,4.02,45.40%,$1.10 ,"$1,673,540,300 ",115.30%,17.80%,39.3,Dili,69.3,142.0,$0.60 ,Portuguese,10.20%,0.72,"35,00,000",67.30%,25.00%,17.30%,4.55%,"4,00,182",-8.874217,125.727539
175,Togo,152,TG,70.20%,"56,785","10,000",33.11,228.0,Lom�,"3,000",113.3,0.70%,XOF,4.32,3.10%,$0.71 ,"$5,459,979,417 ",123.80%,14.50%,47.4,Lom�,60.8,396.0,$0.34 ,French,51.00%,0.08,"80,82,366",77.60%,16.90%,48.20%,2.04%,"34,14,638",8.619543,0.824782
177,Trinidad and Tobago,273,TT,10.50%,"5,128","4,000",12.94,1.0,Port of Spain,"43,868",141.75,1.00%,TTD,1.73,46.00%,$0.54 ,"$24,100,202,834 ",106.20%,12.00%,16.4,Chaguanas,73.4,67.0,$2.25 ,English,37.30%,4.17,"13,94,973",60.00%,19.50%,40.50%,2.69%,"7,41,944",10.691803,-61.222503
178,Tunisia,76,TN,64.80%,"1,63,610","48,000",17.56,216.0,Tunis,"29,937",155.33,6.70%,TND,2.2,6.80%,$0.73 ,"$38,797,709,924 ",115.40%,31.70%,14.6,Tunis,76.5,43.0,$0.47 ,Arabic,39.80%,1.3,"1,16,94,719",46.10%,21.10%,60.70%,16.02%,"80,99,061",33.886917,9.537499
179,Turkey,110,TR,49.80%,"7,83,562","5,12,000",16.03,90.0,Ankara,"3,72,725",234.44,15.20%,TRY,2.07,15.40%,$1.42 ,"$754,411,708,203 ",93.20%,23.90%,9.1,Istanbul,77.4,17.0,$3.45 ,Turkish,16.90%,1.85,"8,34,29,615",52.80%,17.90%,42.30%,13.49%,"6,30,97,818",38.963745,35.243322
182,Uganda,229,UG,71.90%,"2,41,038","46,000",38.14,256.0,Kampala,"5,680",173.87,2.90%,UGX,4.96,9.70%,$0.94 ,"$34,387,229,486 ",102.70%,4.80%,33.8,Buganda,63.0,375.0,$0.01 ,Swahili,40.50%,0.17,"4,42,69,594",70.30%,11.70%,33.70%,1.84%,"1,07,84,516",1.373333,32.290275
183,Ukraine,75,UA,71.70%,"6,03,550","2,97,000",8.7,380.0,Kyiv,"2,02,250",281.66,7.90%,UAH,1.3,16.70%,$0.83 ,"$153,781,069,118 ",99.00%,82.70%,7.5,Kyiv,71.6,19.0,$0.84 ,Ukrainian,47.80%,2.99,"4,43,85,155",54.20%,20.10%,45.20%,8.88%,"3,08,35,699",48.379433,31.16558
185,United Kingdom,281,GB,71.70%,"2,43,610","1,48,000",11.0,44.0,London,"3,79,025",119.62,1.70%,GBP,1.68,13.10%,$1.46 ,"$2,827,113,184,696 ",101.20%,60.00%,3.6,London,81.3,7.0,$10.13 ,English,14.80%,2.81,"6,68,34,405",62.80%,25.50%,30.60%,3.85%,"5,59,08,316",55.378051,-3.435973
186,United States,36,US,44.40%,"98,33,517","13,59,000",11.6,1.0,"Washington, D.C.","50,06,302",117.24,7.50%,USD,1.73,33.90%,$0.71 ,"$21,427,700,000,000 ",101.80%,88.20%,5.6,New York City,78.5,19.0,$7.25 ,None,11.10%,2.61,"32,82,39,523",62.00%,9.60%,36.60%,14.70%,"27,06,63,028",37.09024,-95.712891
187,Uruguay,20,UY,82.60%,"1,76,215","22,000",13.86,598.0,Montevideo,"6,766",202.92,7.90%,UYU,1.97,10.70%,$1.50 ,"$56,045,912,952 ",108.50%,63.10%,6.4,Montevideo,77.8,17.0,$1.66 ,Spanish,16.20%,5.05,"34,61,734",64.00%,20.10%,41.80%,8.73%,"33,03,394",-32.522779,-55.765835
191,Vietnam,314,VN,39.30%,"3,31,210","5,22,000",16.75,84.0,Hanoi,"1,92,668",163.52,2.80%,VND,2.05,48.10%,$0.80 ,"$261,921,244,843 ",110.60%,28.50%,16.5,Ho Chi Minh City,75.3,43.0,$0.73 ,Vietnamese,43.50%,0.82,"9,64,62,106",77.40%,19.10%,37.60%,2.01%,"3,53,32,140",14.058324,108.277199
193,Zambia,25,ZM,32.10%,"7,52,618","16,000",36.19,260.0,Lusaka,"5,141",212.31,9.20%,ZMW,4.63,65.20%,$1.40 ,"$23,064,722,446 ",98.70%,4.10%,40.4,Lusaka,63.5,213.0,$0.24 ,English,27.50%,1.19,"1,78,61,030",74.60%,16.20%,15.60%,11.43%,"78,71,713",-13.133897,27.849332
